{
    "f1_per_class": {
        "TR": 0.9346590909090909,
        "DE": 0.939419795221843,
        "OTHER": 0.9533033552404012,
        "MIXED": 0.05128205128205128
    },
    "f1_macro": 0.7196660731633465,
    "f1_micro": 0.9328500035193918,
    "f1_weighted": 0.9273730930659732
}