{"accuracy@1": 0.653733969364107, "accuracy@3": 0.7622838420897537, "accuracy@5": 0.8003155824560556}