{
    "f1_per_class": {
        "NOUN": 0.673044925124792,
        "PUNCT": 0.9956616052060737,
        "ADP": 0.7956403269754768,
        "NUM": 0.18055555555555555,
        "SYM": 0.0,
        "SCONJ": 0.48621553884711777,
        "ADJ": 0.38197424892703863,
        "PART": 0.8438538205980066,
        "DET": 0.6889818688981869,
        "CCONJ": 0.805528134254689,
        "PROPN": 0.47244094488188976,
        "PRON": 0.7815468113975577,
        "X": 0.0,
        "_": 0.048,
        "ADV": 0.7058611361587015,
        "INTJ": 0.7213389121338912,
        "VERB": 0.6370211626038039,
        "AUX": 0.7563176895306859
    },
    "f1_macro": 0.554110148949637,
    "f1_micro": 0.709509396776237,
    "f1_weighted": 0.7043020484216889
}