{
    "f1_per_class": {
        "TR": 0.8599550056242969,
        "DE": 0.8889799822367972,
        "OTHER": 0.9564308121296619,
        "MIXED": 0.1
    },
    "f1_macro": 0.701341449997689,
    "f1_micro": 0.8782290420215387,
    "f1_weighted": 0.8746129719577301
}