{
    "f1_per_class": {
        "TR": 0.7377611474898659,
        "DE": 0.8257359018373704,
        "OTHER": 0.9567341242149338,
        "MIXED": 0.010101010101010102
    },
    "f1_macro": 0.6325830459107951,
    "f1_micro": 0.8034771591468994,
    "f1_weighted": 0.7952070411461307
}