{
    "f1_per_class": {
        "NOUN": 0.5887967847274554,
        "PUNCT": 0.9952813067150635,
        "ADP": 0.599290780141844,
        "NUM": 0.015151515151515152,
        "SYM": 0.0,
        "SCONJ": 0.0958904109589041,
        "ADJ": 0.3348148148148148,
        "PART": 0.7829457364341085,
        "DET": 0.5172413793103449,
        "CCONJ": 0.7272727272727273,
        "PROPN": 0.36363636363636365,
        "PRON": 0.6538564184681078,
        "X": 0.0,
        "_": 0.0,
        "ADV": 0.6305019305019305,
        "INTJ": 0.6871401151631478,
        "VERB": 0.48657881893606636,
        "AUX": 0.5862068965517241
    },
    "f1_macro": 0.4480336665991176,
    "f1_micro": 0.6097698317730696,
    "f1_weighted": 0.6017764505306014
}