{
    "f1_per_class": {
        "NOUN": 0.6227123416236509,
        "PUNCT": 0.9952813067150635,
        "ADP": 0.8073701842546064,
        "NUM": 0.47513812154696133,
        "SYM": 0.0,
        "SCONJ": 0.5603448275862069,
        "ADJ": 0.47346938775510206,
        "PART": 0.9399293286219081,
        "DET": 0.6217228464419475,
        "CCONJ": 0.8917576961271102,
        "PROPN": 0.2918918918918919,
        "PRON": 0.8158590308370044,
        "X": 0.0,
        "_": 0.2595419847328244,
        "ADV": 0.764919941775837,
        "INTJ": 0.7519719544259421,
        "VERB": 0.5825039287585123,
        "AUX": 0.8030188679245283
    },
    "f1_macro": 0.5920796467232833,
    "f1_micro": 0.7232350249876821,
    "f1_weighted": 0.7165798139019806
}