{
    "f1_per_class": {
        "TR": 0.9460992907801419,
        "DE": 0.9537956152253089,
        "OTHER": 0.9527749052051017,
        "MIXED": 0.23478260869565218
    },
    "f1_macro": 0.7718631049765512,
    "f1_micro": 0.9448159358062926,
    "f1_weighted": 0.9412875454140547
}