{"accuracy@1": 0.9263029992950629, "accuracy@3": 0.9309524525766787, "accuracy@5": 0.9331357803403961}