{
    "f1_per_class": {
        "NOUN": 0.7841601392515231,
        "PUNCT": 0.9935111751982696,
        "ADP": 0.8203703703703704,
        "NUM": 0.6009389671361502,
        "SYM": 0.0,
        "SCONJ": 0.6915520628683693,
        "ADJ": 0.5202185792349727,
        "PART": 0.8527131782945736,
        "DET": 0.7750439367311072,
        "CCONJ": 0.8081023454157783,
        "PROPN": 0.5149051490514905,
        "PRON": 0.8375474083438685,
        "X": 0.0,
        "_": 0.03361344537815126,
        "ADV": 0.7624455801627863,
        "INTJ": 0.7552447552447552,
        "VERB": 0.8497876857749469,
        "AUX": 0.837171052631579
    },
    "f1_macro": 0.6354069906160384,
    "f1_micro": 0.7916520025339622,
    "f1_weighted": 0.7904456636093072
}